AuditOrder,Module,Route,SuggestedFilename,Captured,Notes
1,root,/,001-root.png,Yes,Founder screenshot captured externally
2,login,/login,002-login.png,Yes,Founder screenshot captured externally
3,dashboard,/dashboard,003-dashboard.png,Yes,Founder screenshots captured externally
4,properties,/properties/[id]/edit,004-properties__id__edit.png,No,
5,properties,/properties/[id],005-properties__id.png,No,
6,properties,/properties/[id]/spaces/new,006-properties__id__spaces__new.png,No,
7,properties,/properties/[id]/spaces,007-properties__id__spaces.png,No,
8,properties,/properties/[id]/zones/new,008-properties__id__zones__new.png,No,
9,properties,/properties/[id]/zones,009-properties__id__zones.png,No,
10,properties,/properties/new,010-properties__new.png,No,
11,properties,/properties,011-properties.png,No,
12,tenants,/tenants/[id]/assign-space,012-tenants__id__assign-space.png,No,
13,tenants,/tenants/[id],013-tenants__id.png,No,
14,tenants,/tenants/[id]/spaces,014-tenants__id__spaces.png,No,
15,tenants,/tenants/new,015-tenants__new.png,No,
16,tenants,/tenants,016-tenants.png,No,
17,leases,/leases/[id],017-leases__id.png,No,
18,leases,/leases/new,018-leases__new.png,No,
19,leases,/leases,019-leases.png,No,
20,rent-ledgers,/rent-ledgers/[id],020-rent-ledgers__id.png,No,
21,rent-ledgers,/rent-ledgers/[id]/payments/new,021-rent-ledgers__id__payments__new.png,No,
22,rent-ledgers,/rent-ledgers/new,022-rent-ledgers__new.png,No,
23,rent-ledgers,/rent-ledgers,023-rent-ledgers.png,No,
24,receipts,/receipts/[id],024-receipts__id.png,No,
25,receipts,/receipts/new,025-receipts__new.png,No,
26,receipts,/receipts,026-receipts.png,No,
27,invoices,/invoices/[id],027-invoices__id.png,No,
28,invoices,/invoices/new,028-invoices__new.png,No,
29,invoices,/invoices,029-invoices.png,No,
30,maintenance,/maintenance/[id],030-maintenance__id.png,No,
31,maintenance,/maintenance/new,031-maintenance__new.png,No,
32,maintenance,/maintenance,032-maintenance.png,No,
33,facilities,/facilities/assets/[id],033-facilities__assets__id.png,No,
34,facilities,/facilities/assets/new,034-facilities__assets__new.png,No,
35,facilities,/facilities/assets,035-facilities__assets.png,No,
36,facilities,/facilities,036-facilities.png,No,
37,staff,/staff/[id],037-staff__id.png,No,
38,staff,/staff/new,038-staff__new.png,No,
39,staff,/staff,039-staff.png,No,
40,vehicles,/vehicles/[id],040-vehicles__id.png,No,
41,vehicles,/vehicles/new,041-vehicles__new.png,No,
42,vehicles,/vehicles,042-vehicles.png,No,
43,visitors,/visitors/[id],043-visitors__id.png,No,
44,visitors,/visitors/new,044-visitors__new.png,No,
45,visitors,/visitors,045-visitors.png,No,
46,helpdesk,/helpdesk/[id],046-helpdesk__id.png,No,
47,helpdesk,/helpdesk/new,047-helpdesk__new.png,No,
48,helpdesk,/helpdesk,048-helpdesk.png,No,
49,communications,/communications/[id],049-communications__id.png,No,
50,communications,/communications/new,050-communications__new.png,No,
51,communications,/communications,051-communications.png,No,
52,procurement,/procurement/comparison,052-procurement__comparison.png,No,
53,procurement,/procurement/dashboard,053-procurement__dashboard.png,No,
54,procurement,/procurement/goods-receipts/[id],054-procurement__goods-receipts__id.png,No,
55,procurement,/procurement/goods-receipts/new,055-procurement__goods-receipts__new.png,No,
56,procurement,/procurement/goods-receipts,056-procurement__goods-receipts.png,No,
57,procurement,/procurement/invoice-matches/[id],057-procurement__invoice-matches__id.png,No,
58,procurement,/procurement/invoice-matches/new,058-procurement__invoice-matches__new.png,No,
59,procurement,/procurement/invoice-matches,059-procurement__invoice-matches.png,No,
60,procurement,/procurement/payment-requests/[id],060-procurement__payment-requests__id.png,No,
61,procurement,/procurement/payment-requests/new,061-procurement__payment-requests__new.png,No,
62,procurement,/procurement/payment-requests,062-procurement__payment-requests.png,No,
63,procurement,/procurement/purchase-orders/[id],063-procurement__purchase-orders__id.png,No,
64,procurement,/procurement/purchase-orders/new,064-procurement__purchase-orders__new.png,No,
65,procurement,/procurement/purchase-orders,065-procurement__purchase-orders.png,No,
66,procurement,/procurement/quotations/[id],066-procurement__quotations__id.png,No,
67,procurement,/procurement/quotations/new,067-procurement__quotations__new.png,No,
68,procurement,/procurement/quotations,068-procurement__quotations.png,No,
69,procurement,/procurement/requests/[id],069-procurement__requests__id.png,No,
70,procurement,/procurement/requests/new,070-procurement__requests__new.png,No,
71,procurement,/procurement/requests,071-procurement__requests.png,No,
72,procurement,/procurement/rfqs/[id]/comparison,072-procurement__rfqs__id__comparison.png,No,
73,procurement,/procurement/rfqs/[id],073-procurement__rfqs__id.png,No,
74,procurement,/procurement/rfqs/new,074-procurement__rfqs__new.png,No,
75,procurement,/procurement/rfqs,075-procurement__rfqs.png,No,
76,reservations,/reservations/[id],076-reservations__id.png,No,
77,reservations,/reservations/approvals,077-reservations__approvals.png,No,
78,reservations,/reservations/calendar,078-reservations__calendar.png,No,
79,reservations,/reservations/new,079-reservations__new.png,No,
80,reservations,/reservations,080-reservations.png,No,
81,reservations,/reservations/resources/[id],081-reservations__resources__id.png,No,
82,reservations,/reservations/resources/new,082-reservations__resources__new.png,No,
83,reservations,/reservations/resources,083-reservations__resources.png,No,
84,access,/access/events,084-access__events.png,No,
85,access,/access/grants,085-access__grants.png,No,
86,access,/access,086-access.png,No,
87,access,/access/points/[id],087-access__points__id.png,No,
88,access,/access/points/new,088-access__points__new.png,No,
89,access,/access/points,089-access__points.png,No,
90,security,/security/access,090-security__access.png,No,
91,security,/security,091-security.png,No,
92,security,/security/staff,092-security__staff.png,No,
93,security,/security/vehicles,093-security__vehicles.png,No,
94,notifications,/notifications,094-notifications.png,No,
95,operations,/operations,095-operations.png,No,
96,reports,/reports/outstanding-rent,096-reports__outstanding-rent.png,No,
97,reports,/reports,097-reports.png,No,
98,reports,/reports/rent-collection,098-reports__rent-collection.png,No,
99,plugins,/plugins/[id],099-plugins__id.png,No,
100,plugins,/plugins/install,100-plugins__install.png,No,
101,plugins,/plugins/marketplace,101-plugins__marketplace.png,No,
102,plugins,/plugins,102-plugins.png,No,
103,themes,/themes/[id],103-themes__id.png,No,
104,themes,/themes/packages/new,104-themes__packages__new.png,No,
105,themes,/themes/packages,105-themes__packages.png,No,
106,themes,/themes,106-themes.png,No,
107,scheduler,/scheduler,107-scheduler.png,No,
108,workflows,/workflows,108-workflows.png,No,
109,resident,/resident/helpdesk/[id],109-resident__helpdesk__id.png,No,
110,resident,/resident/helpdesk/new,110-resident__helpdesk__new.png,No,
111,resident,/resident/helpdesk,111-resident__helpdesk.png,No,
112,resident,/resident/maintenance/new,112-resident__maintenance__new.png,No,
113,resident,/resident/maintenance,113-resident__maintenance.png,No,
114,resident,/resident/notices/[id],114-resident__notices__id.png,No,
115,resident,/resident/notices,115-resident__notices.png,No,
116,resident,/resident,116-resident.png,No,
117,resident,/resident/reservations/new,117-resident__reservations__new.png,No,
118,resident,/resident/reservations,118-resident__reservations.png,No,
119,resident,/resident/staff/new,119-resident__staff__new.png,No,
120,resident,/resident/staff,120-resident__staff.png,No,
121,resident,/resident/vehicles/new,121-resident__vehicles__new.png,No,
122,resident,/resident/vehicles,122-resident__vehicles.png,No,
123,resident,/resident/visitors/new,123-resident__visitors__new.png,No,
124,resident,/resident/visitors,124-resident__visitors.png,No,
125,docs,/docs/[...slug],125-docs__allslug.png,No,
126,docs,/docs,126-docs.png,No,
127,vendors,/vendors/[id],127-vendors__id.png,No,
128,vendors,/vendors/categories,128-vendors__categories.png,No,
129,vendors,/vendors/contracts,129-vendors__contracts.png,No,
130,vendors,/vendors/new,130-vendors__new.png,No,
131,vendors,/vendors,131-vendors.png,No,
132,vendors,/vendors/work-orders,132-vendors__work-orders.png,No,
